{"cameraMode":{"drawMode":0,"name":"Shaded","section":"Shading Mode"},"sceneLighting":false,"audioPlay":false,"sceneViewState":{"showFog":true,"showMaterialUpdate":true,"showSkybox":false,"showFlares":true,"showImageEffects":true,"showParticleSystems":true},"in2DMode":false,"pivot":{"x":0.0,"y":0.30975469946861269,"z":-0.022000014781951906},"rotation":{"x":0.26340439915657046,"y":-0.2103085219860077,"z":0.058953478932380679,"w":0.9396416544914246},"size":2.6644463539123537,"orthographic":false}