{"cameraMode":{"drawMode":0,"name":"Shaded","section":"Shading Mode"},"sceneLighting":false,"audioPlay":false,"sceneViewState":{"showFog":true,"showMaterialUpdate":true,"showSkybox":false,"showFlares":true,"showImageEffects":true,"showParticleSystems":true},"in2DMode":false,"pivot":{"x":-0.7055259346961975,"y":-0.032586779445409778,"z":-1.1235076189041138},"rotation":{"x":0.014155665412545205,"y":-0.9856380820274353,"z":0.10836093872785568,"w":0.12875710427761079},"size":1.2616872787475587,"orthographic":true}