{"cameraMode":{"drawMode":0,"name":"Shaded","section":"Shading Mode"},"sceneLighting":false,"audioPlay":false,"sceneViewState":{"showFog":true,"showMaterialUpdate":true,"showSkybox":false,"showFlares":true,"showImageEffects":true,"showParticleSystems":true},"in2DMode":false,"pivot":{"x":0.5154608488082886,"y":0.09703493118286133,"z":0.4984407424926758},"rotation":{"x":-0.027485361322760583,"y":0.9690656065940857,"z":-0.2099045068025589,"w":-0.1268901526927948},"size":2.3392786979675295,"orthographic":false}