{"cameraMode":{"drawMode":0,"name":"Shaded","section":"Shading Mode"},"sceneLighting":true,"audioPlay":false,"sceneViewState":{"showFog":true,"showMaterialUpdate":true,"showSkybox":true,"showFlares":true,"showImageEffects":true,"showParticleSystems":true},"in2DMode":false,"pivot":{"x":2.2813913822174074,"y":-3.8341822624206545,"z":0.8866593837738037},"rotation":{"x":0.4301961660385132,"y":0.42269644141197207,"z":-0.23894260823726655,"w":0.7610298991203308},"size":5.731497287750244,"orthographic":false}