{"cameraMode":{"drawMode":0,"name":"Shaded","section":"Shading Mode"},"sceneLighting":false,"audioPlay":false,"sceneViewState":{"showFog":true,"showMaterialUpdate":true,"showSkybox":false,"showFlares":true,"showImageEffects":true,"showParticleSystems":true},"in2DMode":false,"pivot":{"x":3.3242201805114748,"y":1.9343962669372559,"z":-5.199316024780273},"rotation":{"x":0.26340439915657046,"y":-0.2103085219860077,"z":0.058953478932380679,"w":0.9396416544914246},"size":0.2857885956764221,"orthographic":false}