{"cameraMode":{"drawMode":0,"name":"Shaded","section":"Shading Mode"},"sceneLighting":false,"audioPlay":false,"sceneViewState":{"showFog":true,"showMaterialUpdate":true,"showSkybox":false,"showFlares":true,"showImageEffects":true,"showParticleSystems":true},"in2DMode":false,"pivot":{"x":3.415396213531494,"y":1.8205480575561524,"z":-5.2329277992248539},"rotation":{"x":0.26340439915657046,"y":-0.2103085219860077,"z":0.058953478932380679,"w":0.9396416544914246},"size":1.739278793334961,"orthographic":false}